Mean MAP,Std MAP,Mean NDCG10,Std NDCG10,starWeight,voteWeight
0.01495,0.01125,0.1353,0.0838,10,0.5
0.00432,0.00095,0.13015,0.08246,50,0.5
