Mean MAP,Std MAP,Mean NDCG10,Std NDCG10,starWeight,voteWeight
0.00888,0.00881,0.13238,0.0743,10,0.5
0.007,0.005,0.13309,0.10394,10,1.0
0.0065,0.00473,0.17601,0.08987,10,2.0
0.00467,0.00239,0.13963,0.05867,50,0.5
0.00399,0.00171,0.15351,0.08641,50,1.0
0.00513,0.00659,0.12775,0.04932,50,2.0
0.00588,0.00474,0.13152,0.08002,100,0.5
0.00435,0.00289,0.16357,0.07748,100,1.0
0.00346,0.00147,0.14389,0.11204,100,2.0
